# Throttle response of vehicle.tesla.model3 on CARLA 0.9.16, measured by scripts/probe_longitudinal.py
# CARLA tick 0.050 s, physics substeps of 0.0031 s (max 16) -- the timing carla_scenario_bridge uses
# Rows: pedal position. Columns: vehicle speed in m/s.
# Cells: measured longitudinal acceleration in m/s^2.
default,0.0,1.0,2.0,3.0,4.0,5.0,6.0,8.0,11.0,14.0,17.0,20.0,24.0
0.00,-0.421,-0.421,-0.841,-1.264,-1.686,-2.105,-2.518,-3.331,-4.524,-5.684,-6.809,-7.875,-8.771
0.10,-0.126,-0.126,-0.129,-0.518,-0.904,-1.287,-1.668,-2.421,-3.531,-4.614,-5.670,-6.688,-7.693
0.20,0.541,0.541,0.797,0.264,-0.102,-0.452,-0.801,-1.492,-2.513,-3.513,-4.493,-5.448,-6.519
0.30,1.747,1.747,1.383,1.036,0.717,0.400,0.084,-0.541,-1.468,-2.380,-3.276,-4.155,-5.224
0.40,2.503,2.503,2.158,1.833,1.550,1.268,0.988,0.431,-0.396,-1.213,-2.018,-2.813,-3.835
0.50,3.214,3.214,2.938,2.646,2.397,2.152,1.909,1.424,0.702,0.105,-0.722,-1.422,-2.343
0.60,3.975,3.975,3.729,3.473,3.258,3.052,2.846,2.436,1.825,1.218,0.615,0.240,-0.778
0.70,4.701,4.701,4.529,4.311,4.133,3.966,3.799,3.468,2.972,2.478,1.986,1.495,0.844
0.80,5.391,5.391,5.307,5.155,5.021,4.894,4.769,4.518,4.142,3.766,3.391,3.016,2.515
0.90,6.140,6.140,6.145,6.018,5.921,5.836,5.752,5.585,5.334,5.082,4.829,4.574,4.234
1.00,6.937,6.937,6.938,6.877,6.831,6.789,6.749,6.668,6.546,6.422,6.297,6.170,5.999
