# Brake response of vehicle.tesla.model3 on CARLA 0.9.16. Columns up to 6 m/s measured by scripts/probe_brake_lowspeed.py (0 m/s holds the 1 m/s value), the rest by scripts/probe_longitudinal.py
# CARLA tick 0.050 s, physics substeps of 0.0031 s (max 16) -- the timing carla_scenario_bridge uses
# Rows: pedal position. Columns: vehicle speed in m/s.
# Cells: measured longitudinal acceleration in m/s^2.
default,0.0,1.0,2.0,3.0,4.0,5.0,6.0,8.0,11.0,14.0,17.0,20.0,24.0
0.00,-0.421,-0.421,-0.842,-1.263,-1.688,-2.107,-2.519,-3.331,-4.524,-5.684,-6.809,-7.876,-8.814
0.10,-0.807,-0.807,-1.181,-1.599,-2.016,-2.429,-2.839,-3.649,-4.838,-5.994,-7.114,-8.168,-9.019
0.20,-1.135,-1.135,-1.507,-1.925,-2.341,-2.753,-3.162,-3.970,-5.156,-6.309,-7.424,-8.468,-9.256
0.30,-1.461,-1.461,-1.834,-2.251,-2.667,-3.078,-3.485,-4.292,-5.475,-6.624,-7.733,-8.765,-9.515
0.40,-1.782,-1.782,-2.161,-2.578,-2.993,-3.403,-3.809,-4.614,-5.794,-6.939,-8.044,-9.061,-9.749
0.50,-2.110,-2.110,-2.490,-2.906,-3.320,-3.728,-4.132,-4.937,-6.114,-7.255,-8.354,-9.360,-9.985
0.60,-2.426,-2.426,-2.819,-3.235,-3.647,-4.054,-4.456,-5.262,-6.434,-7.571,-8.665,-9.651,-10.206
0.70,-2.743,-2.743,-3.150,-3.564,-3.975,-4.380,-4.781,-5.586,-6.755,-7.889,-8.974,-9.949,-10.430
0.80,-3.067,-3.067,-3.481,-3.894,-4.303,-4.707,-5.104,-5.912,-7.077,-8.207,-9.286,-10.243,-10.655
0.90,-3.388,-3.388,-3.813,-4.225,-4.633,-5.034,-5.430,-6.238,-7.400,-8.525,-9.596,-10.532,-10.882
1.00,-3.705,-3.705,-4.147,-4.557,-4.962,-5.361,-5.753,-6.565,-7.724,-8.844,-9.907,-10.823,-11.199
